agent_id,care_needs_met,agent_care_needs,micro_quality_threshold,allocated_microproviders,packages_of_care_received,microproviders_to_recommend,blacklisted_microproviders,unpaidcarers,unpaidcare_rec
0,False,21.0,0.927,[],[],[],[],[],[]
1,False,19.6,0.22,[],[],[],[],[],[]
2,True,19.3,0.688,[37],[22.1],[37],[],[],[]
3,False,19.9,0.27,[],[],[],[],[],[]
4,False,20.5,0.89,[],[],[],[],[],[]
6,False,19.6,0.099,[],[],[],[],[],[]
7,False,21.1,0.479,[],[],[],[],[],[]
8,False,18.9,0.889,[],[],[],[],[],[]
9,False,20.2,0.332,[],[],[],[],[],[]
10,False,21.0,0.502,[49],[9.3],[],[],[],[]
11,False,20.1,0.685,[],[],[],[],[],[]
12,False,18.8,0.661,[],[],[],[],[],[]
13,False,20.2,0.457,[],[],[],[],[],[]
14,False,20.4,0.626,[],[],[],[],[],[]
15,False,21.7,0.838,[],[],[],[],[],[]
16,False,20.3,0.37,[82],[8.0],[],[],[],[]
17,False,17.7,0.616,[86],[11.1],[],[],[],[]
18,True,20.5,0.171,[63],[41.1],[63],[],[],[]
19,False,19.1,0.126,[],[],[],[],[],[]
20,False,20.3,0.531,[],[],[],[],[],[]
21,False,18.8,0.943,[],[],[],[],[],[]
22,False,20.0,0.42,[],[],[],[],[],[]
23,False,18.8,0.545,[],[],[],[],[],[]
24,False,20.6,0.894,[],[],[],[],[],[]
25,False,20.8,0.642,[],[],[],[],[],[]
27,False,19.8,0.612,[],[],[],[],[],[]
28,True,19.6,0.435,[25],[20.5],[25],[],[],[]
29,True,20.5,0.252,[48],[33.8],[],[],[],[]
30,False,21.6,0.314,[],[],[],[],[],[]
31,False,22.7,0.961,[],[],[],[],[],[]
32,True,19.1,0.273,[30],[27.7],[],[],[],[]
33,False,20.3,0.194,[],[],[],[],[],[]
34,False,21.2,0.929,[],[],[],[],[],[]
35,False,20.5,0.482,[],[],[],[],[],[]
36,False,17.5,0.415,[],[],[],[],[],[]
37,True,21.6,0.342,[52],[23.8],[],[],[],[]
38,False,18.2,0.511,[],[],[],[],[],[]
39,False,19.8,0.98,[],[],[],[],[],[]
40,False,19.2,0.467,[],[],[],[],[],[]
41,False,20.4,0.067,[],[],[],[],[],[]
42,False,18.8,0.558,[],[],[],[],[],[]
43,False,20.8,0.214,[],[],[],[],[],[]
44,False,19.3,0.466,[],[],[],[],[],[]
45,False,19.0,0.848,[],[],[],[],[],[]
46,False,18.6,0.098,[],[],[],[],[],[]
47,False,20.0,0.06,[83],[1.0],[],[],[],[]
48,False,20.2,0.038,[],[],[],[],[],[]
49,False,19.2,0.707,[],[],[],[],[],[]
50,False,20.0,0.123,[27],[16.0],[],[],[],[]
51,False,21.5,0.757,[],[],[],[],[],[]
52,False,19.1,0.855,[],[],[],[],[],[]
53,False,18.6,0.197,[],[],[],[],[],[]
54,False,19.6,0.206,"[38, 53]","[11.8, 4.7]",[],[],[],[]
55,False,19.0,0.089,[],[],[],[],[],[]
56,False,19.7,0.257,[82],[2.2],[],[],[],[]
57,False,22.5,0.725,[],[],[],[],[],[]
58,False,20.3,0.839,[],[],[],[],[],[]
59,False,19.0,0.21,[83],[6.6],[],[],[],[]
60,True,20.3,0.524,[59],[20.8],[],[],[],[]
61,False,20.6,0.832,[63],[3.5],[],[],[],[]
62,False,19.4,0.844,[],[],[],[],[],[]
63,False,20.6,0.034,[],[],[],[],[],[]
64,False,19.7,0.898,[],[],[],[],[],[]
65,True,19.1,0.363,[65],[44.0],[],[],[],[]
66,False,19.2,0.752,[],[],[],[],[],[]
67,False,21.5,0.727,[],[],[],[],[],[]
68,False,22.1,0.766,[],[],[],[],[],[]
69,False,18.0,0.836,[],[],[],[],[],[]
70,True,20.6,0.341,[7],[31.2],[],[],[],[]
71,False,20.3,0.418,[],[],[],[],[],[]
72,False,19.3,0.897,[],[],[],[],[],[]
73,False,19.8,0.537,[78],[19.1],[],[],[],[]
74,False,21.1,0.735,[],[],[],[],[],[]
75,False,20.0,0.752,[],[],[],[],[],[]
77,False,19.8,0.2,[40],[18.1],[],[],[],[]
78,False,21.7,0.989,[],[],[],[],[],[]
79,False,20.7,0.075,"[26, 57]","[17.9, 1.2]",[],[],[],[]
80,False,20.0,0.432,[],[],[],[],[],[]
81,False,18.3,0.45,[],[],[],[],[],[]
82,False,22.5,0.053,[],[],[],[],[],[]
83,False,20.1,0.626,[],[],[],[],[],[]
84,False,20.0,0.526,[44],[9.7],[44],[],[],[]
85,False,20.4,0.232,[],[],[],[],[],[]
86,False,21.0,0.674,[73],[8.7],[],[],[],[]
87,False,18.4,0.844,[],[],[],[],[],[]
88,False,20.5,0.765,[],[],[],[],[],[]
89,False,21.6,0.6,[],[],[],[],[],[]
90,False,20.4,0.583,[],[],[],[],[],[]
91,True,19.8,0.54,[79],[24.8],[],[],[],[]
92,False,21.1,0.041,[],[],[],[],[],[]
93,False,19.9,0.21,[],[],[],[],[],[]
94,False,19.6,0.483,[],[],[],[],[],[]
95,True,20.3,0.419,[24],[28.6],[],[],[],[]
96,False,19.6,0.881,[],[],[],[],[],[]
97,False,20.7,0.827,[],[],[],[],[],[]
98,False,21.0,0.984,[],[],[],[],[],[]
99,False,20.8,0.464,[],[],[],[],[],[]
100,True,18.7,0.841,[6],[19.5],[],[],[],[]
101,True,22.4,0.108,[87],[24.7],[],[],[],[]
102,False,21.4,0.191,[],[],[],[],[],[]
103,False,17.9,0.537,[],[],[],[],[],[]
105,False,19.8,0.082,"[32, 53]","[6.3, 1.1]","[32, 53]",[],[],[]
106,False,18.6,0.987,[],[],[],[],[],[]
107,False,20.7,0.703,[],[],[],[],[],[]
108,False,19.1,0.789,[],[],[],[],[],[]
109,False,19.7,0.237,[],[],[],[],[],[]
110,False,19.9,0.665,[],[],[],[],[],[]
111,False,20.9,0.743,[],[],[],[],[],[]
112,True,20.1,0.016,"[80, 53]","[11.2, 15.3]",[],[],[],[]
113,False,19.3,0.666,[],[],[],[],[],[]
114,False,19.9,0.46,[],[],[],[],[],[]
115,False,21.5,0.722,[20],[17.0],[20],[],[],[]
116,False,22.9,0.2,[],[],[],[],[],[]
117,False,20.4,0.785,[],[],[],[],[],[]
118,False,20.4,0.952,[],[],[],[],[],[]
119,False,20.2,0.146,[62],[16.4],[62],[],[],[]
121,False,19.1,0.193,[],[],[],[],[],[]
122,False,19.9,0.193,"[12, 61]","[5.7, 3.3]",[],[],[],[]
123,False,19.3,0.492,[],[],[],[],[],[]
124,False,19.5,0.701,[],[],[],[],[],[]
125,False,18.2,0.645,[68],[12.7],[],[],[],[]
126,False,19.8,0.277,[63],[15.6],[63],[],[],[]
127,False,19.2,0.533,[],[],[],[],[],[]
128,False,19.7,0.871,[],[],[],[],[],[]
129,False,19.3,0.276,[],[],[],[],[],[]
130,False,20.6,0.904,[],[],[],[],[],[]
131,False,21.8,0.684,[],[],[],[],[],[]
132,True,20.4,0.242,[24],[35.5],[],[],[],[]
133,False,19.2,0.419,[],[],[],[],[],[]
134,False,19.6,0.561,[],[],[],[],[],[]
135,False,20.8,0.413,[],[],[],[],[],[]
136,False,20.5,0.434,[],[],[],[],[],[]
137,False,20.7,0.857,[],[],[],[],[],[]
138,False,19.7,0.001,[],[],[63],[],[],[]
139,False,21.0,0.764,[],[],[],[],[],[]
140,True,19.6,0.11,[21],[20.9],[],[],[],[]
141,True,19.5,0.087,[2],[34.8],[],[],[],[]
142,False,21.3,0.098,[85],[13.5],[85],[],[],[]
143,False,19.9,0.9,[],[],[56],[],[],[]
144,False,19.4,0.313,[],[],[],[],[],[]
145,False,18.4,0.86,[],[],[],[],[],[]
146,False,18.9,0.265,[],[],[],[],[],[]
147,False,19.9,0.475,[],[],[],[],[],[]
148,False,20.6,0.526,[],[],[],[],[],[]
149,True,20.4,0.039,[55],[23.5],[],[],[],[]
150,False,20.1,0.009,[73],[14.9],[],[],[],[]
151,False,19.2,0.905,[],[],[],[],[],[]
152,True,20.4,0.08,[41],[26.1],[],[],[],[]
153,False,20.0,0.315,[1],[10.6],[],[],[],[]
154,True,22.2,0.637,[73],[34.7],[],[],[],[]
155,False,21.6,0.917,[],[],[],[],[],[]
156,False,19.7,0.869,[],[],[],[],[],[]
157,False,19.1,0.672,[],[],[],[],[],[]
158,False,20.6,0.902,[],[],[],[],[],[]
159,False,19.9,0.859,[],[],[],[],[],[]
160,False,19.8,0.092,[31],[18.2],[31],[],[],[]
161,False,18.4,0.972,[],[],[],[],[],[]
162,False,18.8,0.705,[],[],[],[],[],[]
163,False,20.6,0.951,[],[],[],[],[],[]
164,False,20.5,0.263,[22],[19.0],[],[],[],[]
165,False,18.2,0.353,[],[],[],[],[],[]
166,True,21.3,0.15,[60],[27.1],[],[],[],[]
167,False,21.8,0.496,[76],[5.8],[],[],[],[]
168,False,20.2,0.825,[],[],[],[],[],[]
169,False,21.5,0.639,[],[],[],[],[],[]
170,False,19.3,0.387,[66],[2.1],[],[],[],[]
171,True,20.0,0.053,[70],[22.7],[],[],[],[]
172,False,19.9,0.972,[],[],[],[],[],[]
173,False,21.2,0.298,[],[],[],[],[],[]
174,True,18.8,0.27,[4],[37.0],[],[],[],[]
175,False,20.0,0.788,[],[],[],[],[],[]
176,False,19.6,0.756,[],[],[],[],[],[]
177,False,19.1,0.383,[],[],[],[],[],[]
178,True,20.1,0.266,[78],[20.2],[],[],[],[]
179,False,20.5,0.625,[],[],[],[],[],[]
180,False,20.5,0.1,"[28, 53]","[7.0, 5.3]",[],[],[],[]
181,False,18.2,0.303,[],[],[],[],[],[]
182,False,20.2,0.764,[],[],[],[],[],[]
183,False,18.9,0.683,[],[],[],[],[],[]
184,False,18.9,0.306,[],[],[],[],[],[]
185,False,19.6,0.931,[],[],[],[],[],[]
186,False,20.8,0.219,[71],[7.9],[],[],[],[]
187,False,20.1,0.034,[],[],[],[],[],[]
188,False,20.7,0.695,[],[],[],[],[],[]
189,False,19.4,0.737,[],[],[],[],[],[]
190,False,19.5,0.707,[],[],[],[],[],[]
191,True,19.4,0.577,[14],[43.0],[14],[],[],[]
192,False,20.6,0.623,[],[],[],[],[],[]
193,False,19.8,0.117,[],[],[],[],[],[]
194,False,20.3,0.221,[],[],[],[],[],[]
195,False,19.8,0.718,[],[],[],[],[],[]
196,False,18.7,0.941,[],[],[],[],[],[]
197,False,19.9,0.356,[],[],[],[],[],[]
198,False,19.5,0.987,[],[],[],[],[],[]
199,False,22.2,0.686,[],[],[],[],[],[]
200,False,20.1,0.374,[],[],[],[],[],[]
201,False,17.9,0.56,[],[],[],[],[],[]
202,False,20.8,0.823,[],[],[],[],[],[]
203,True,20.5,0.225,"[15, 87]","[9.5, 27.6]",[],[],[],[]
204,False,20.5,0.423,[],[],[],[],[],[]
205,False,19.8,0.657,[],[],[],[],[],[]
206,False,21.1,0.442,[],[],[],[],[],[]
207,False,21.3,0.413,[],[],[3],[],[],[]
208,False,21.0,0.854,[],[],[],[],[],[]
209,False,20.1,0.146,[],[],[],[],[],[]
210,False,19.2,0.881,[],[],[],[],[],[]
211,False,18.5,0.496,[],[],[],[],[],[]
212,False,20.9,0.524,[],[],[],[],[],[]
213,False,19.3,0.816,[],[],[],[],[],[]
214,False,20.4,0.836,[],[],[],[],[],[]
216,False,22.5,0.694,[],[],[],[],[],[]
217,False,21.4,0.658,[],[],[],[],[],[]
218,False,21.3,0.212,[44],[5.8],[],[],[],[]
219,False,20.8,0.22,[30],[14.5],[30],[],[],[]
220,False,22.0,0.328,[],[],[],[],[],[]
221,False,18.3,0.32,[],[],[],[],[],[]
222,False,20.5,0.714,[],[],[],[],[],[]
223,False,20.7,0.13,[40],[18.8],[],[],[],[]
224,False,21.7,0.252,[],[],[],[],[],[]
225,False,19.5,0.61,[],[],[5],[],[],[]
226,False,18.8,0.153,[82],[13.4],[],[],[],[]
227,True,19.8,0.5,[0],[40.2],[],[],[],[]
228,False,19.1,0.321,[],[],[],[],[],[]
229,False,19.5,0.937,[],[],[],[],[],[]
230,False,20.6,0.053,[],[],[],[],[],[]
231,False,19.6,0.023,[],[],[],[],[],[]
232,False,21.4,0.014,[35],[7.6],[],[],[],[]
233,False,19.3,0.629,[],[],[],[],[],[]
234,False,19.7,0.336,[],[],[],[],[],[]
235,False,20.1,0.461,[],[],[],[],[],[]
236,False,19.4,0.924,[],[],[],[],[],[]
237,False,22.2,0.061,[31],[16.1],[],[],[],[]
238,False,20.1,0.851,[],[],[],[],[],[]
239,False,20.9,0.93,[],[],[],[],[],[]
240,False,20.4,0.905,[],[],[],[],[],[]
241,False,19.4,0.803,[],[],[],[],[],[]
242,False,20.5,0.25,[],[],[],[],[],[]
243,True,20.1,0.162,"[18, 34]","[14.5, 36.3]",[],[],[],[]
244,False,18.1,0.83,[],[],[],[],[],[]
245,False,18.1,0.252,[],[],[],[],[],[]
246,False,18.5,0.172,[],[],[],[],[],[]
247,False,19.7,0.931,[],[],[],[],[],[]
248,False,18.7,0.13,[61],[9.5],[],[],[],[]
249,True,19.8,0.149,"[41, 55]","[10.5, 27.4]",[41],[],[],[]
250,False,19.8,0.393,[23],[6.1],[],[],[],[]
251,False,19.7,0.607,[],[],[],[],[],[]
252,False,20.3,0.54,[],[],[],[],[],[]
253,False,19.3,0.797,[],[],[],[],[],[]
254,False,18.9,0.81,[],[],[],[],[],[]
255,False,20.5,0.91,[],[],[],[],[],[]
256,False,19.4,0.86,[],[],[],[],[],[]
257,False,20.4,0.427,[],[],[],[],[],[]
258,False,18.9,0.629,[],[],[],[],[],[]
259,False,18.0,0.868,[],[],[],[],[],[]
260,False,19.3,0.969,[],[],[],[],[],[]
261,True,18.2,0.068,[85],[18.4],[],[],[],[]
262,False,20.8,0.004,[],[],[],[],[],[]
263,False,19.7,0.048,[],[],[],[],[],[]
264,False,22.3,0.165,[],[],[],[],[],[]
265,False,21.3,0.641,[],[],[],[],[],[]
266,False,20.7,0.587,[],[],[],[],[],[]
267,False,19.3,0.031,[55],[12.6],[],[],[],[]
268,False,20.8,0.776,[],[],[58],[],[],[]
269,False,19.1,0.162,[],[],[],[],[],[]
270,False,17.9,0.105,[],[],[],[],[],[]
271,False,18.6,0.583,[6],[16.4],[],[],[],[]
272,False,19.3,0.098,[11],[13.0],[],[],[],[]
273,False,22.6,0.033,[41],[14.4],[],[],[],[]
274,False,18.3,0.707,[],[],[],[],[],[]
275,False,21.4,0.182,[],[],[],[],[],[]
276,False,20.7,0.742,[],[],[],[],[],[]
277,False,19.4,0.839,[],[],[],[],[],[]
278,False,17.8,0.337,[],[],[],[],[],[]
279,False,20.6,0.731,[],[],[],[],[],[]
280,False,18.8,0.487,[],[],[],[],[],[]
281,True,19.6,0.232,[20],[20.4],[],[],[],[]
283,False,20.8,0.609,[],[],[],[],[],[]
284,False,18.3,0.592,[],[],[],[],[],[]
285,True,20.0,0.281,[13],[32.7],[],[],[],[]
286,False,19.2,0.804,[],[],[],[],[],[]
287,False,19.4,0.197,[],[],[],[],[],[]
288,False,19.4,0.548,[22],[7.1],[22],[],[],[]
289,False,20.4,0.666,[],[],[],[],[],[]
290,False,20.0,0.133,[9],[4.4],[9],[],[],[]
291,False,20.1,0.713,[],[],[],[],[],[]
292,False,20.0,0.978,[],[],[],[],[],[]
294,False,20.2,0.174,[70],[10.7],[],[],[],[]
295,False,19.8,0.88,[],[],[],[],[],[]
296,False,20.1,0.535,[],[],[],[],[],[]
297,False,20.4,0.94,[],[],[],[],[],[]
298,True,18.4,0.001,[3],[19.0],[],[],[],[]
299,False,21.5,0.603,[],[],[],[],[],[]
300,False,18.8,0.973,[],[],[],[],[],[]
301,False,20.8,0.631,[],[],[],[],[],[]
302,False,18.5,0.105,[],[],[],[],[],[]
303,False,20.0,0.28,[],[],[],[],[],[]
304,False,18.9,0.014,[5],[5.2],[5],[],[],[]
305,False,21.9,0.878,[],[],[],[],[],[]
306,False,20.7,0.617,[],[],[],[],[],[]
307,False,22.0,0.519,[],[],[],[],[],[]
308,False,21.1,0.978,[],[],[],[],[],[]
309,True,21.0,0.263,[72],[21.6],[],[],[],[]
310,False,20.6,0.227,[45],[12.5],[],[],[],[]
311,False,20.8,0.155,[],[],[],[],[],[]
312,False,19.0,0.505,[],[],[],[],[],[]
313,False,20.0,0.943,[],[],[],[],[],[]
314,False,20.5,0.394,[],[],[],[],[],[]
315,False,18.1,0.824,[],[],[],[],[],[]
316,False,19.4,0.262,[],[],[],[],[],[]
317,False,19.8,0.828,[75],[15.5],[75],[],[],[]
318,False,20.0,0.479,[],[],[5],[],[],[]
319,False,20.7,0.647,[76],[7.6],[],[],[],[]
320,False,20.5,0.14,[],[],[],[],[],[]
321,False,21.1,0.116,[],[],[],[],[],[]
322,False,19.4,0.215,[],[],[],[],[],[]
323,False,19.1,0.788,[],[],[],[],[],[]
324,False,21.6,0.585,[],[],[],[],[],[]
325,False,18.6,0.102,[74],[6.0],[],[],[],[]
326,False,19.9,0.293,[63],[11.5],[],[],[],[]
327,False,21.3,0.616,[],[],[],[],[],[]
328,False,19.7,0.502,[],[],[],[],[],[]
329,False,18.5,0.663,[],[],[],[],[],[]
330,False,20.9,0.062,[],[],[],[],[],[]
332,False,20.6,0.819,[],[],[],[],[],[]
333,False,19.4,0.719,[],[],[],[],[],[]
334,False,21.3,0.152,[45],[10.9],[45],[],[],[]
335,False,19.6,0.567,[],[],[],[],[],[]
336,False,21.1,0.976,[],[],[],[],[],[]
337,False,20.3,0.097,[],[],[],[],[],[]
338,False,19.2,0.747,[42],[16.6],[42],[],[],[]
339,False,21.5,0.825,[],[],[],[],[],[]
340,False,20.0,0.969,[],[],[],[],[],[]
341,False,21.5,0.001,[],[],[],[],[],[]
342,False,20.6,0.794,[],[],[],[],[],[]
343,False,21.1,0.204,[],[],[],[],[],[]
344,False,19.3,0.539,[],[],[],[],[],[]
345,False,21.5,0.82,[],[],[],[],[],[]
346,False,19.4,0.103,[],[],[],[],[],[]
347,False,19.4,0.867,[],[],[],[],[],[]
348,False,19.5,0.645,[],[],[],[],[],[]
349,False,19.2,0.803,[],[],[],[],[],[]
350,False,19.8,0.186,[19],[10.5],[],[],[],[]
351,False,21.4,0.635,[],[],[],[],[],[]
352,False,19.1,0.952,[],[],[],[],[],[]
353,False,19.7,0.895,[],[],[],[],[],[]
354,False,20.5,0.919,[],[],[],[],[],[]
355,False,20.4,0.152,[],[],[],[],[],[]
356,False,20.3,0.6,[],[],[],[],[],[]
357,False,18.9,0.034,[48],[8.0],[48],[],[],[]
358,False,20.1,0.582,[],[],[],[],[],[]
359,False,19.4,0.709,[],[],[],[],[],[]
360,False,20.6,0.237,"[8, 69]","[7.9, 1.3]","[8, 69]",[],[],[]
361,False,18.6,0.08,[],[],[],[],[],[]
362,False,18.5,0.48,[],[],[],[],[],[]
363,False,20.1,0.983,[],[],[],[],[],[]
364,False,20.7,0.954,[],[],[],[],[],[]
365,False,19.2,0.91,[],[],[],[],[],[]
366,False,19.3,0.25,[],[],[],[],[],[]
367,False,19.2,0.1,[38],[1.2],[],[],[],[]
368,False,20.2,0.648,[],[],[],[],[],[]
370,False,19.3,0.573,[],[],[],[],[],[]
371,False,21.2,0.157,[],[],[],[],[],[]
372,False,20.3,0.615,[],[],[],[],[],[]
373,False,19.1,0.447,[],[],[],[],[],[]
374,False,19.6,0.714,[],[],[],[],[],[]
375,False,20.2,0.13,[],[],[],[],[],[]
376,False,19.8,0.468,[],[],[],[],[],[]
377,False,18.6,0.875,[],[],[],[],[],[]
378,True,19.1,0.064,"[18, 46]","[12.9, 35.8]","[18, 46]",[],[],[]
379,False,19.9,0.95,[],[],[],[],[],[]
380,False,19.2,0.254,[47],[16.5],[],[],[],[]
381,False,20.6,0.045,[],[],[],[],[],[]
382,True,18.3,0.698,[16],[24.9],[],[],[],[]
383,False,21.0,0.413,[],[],[],[],[],[]
384,False,19.0,0.114,[],[],[],[],[],[]
385,False,20.4,0.161,[],[],[],[],[],[]
386,False,18.9,0.321,[],[],[],[],[],[]
387,False,18.3,0.792,[],[],[],[],[],[]
388,False,20.3,0.435,[81],[10.2],[],[],[],[]
389,False,19.9,0.366,[],[],[],[],[],[]
390,False,19.9,0.864,[],[],[],[],[],[]
391,False,18.4,0.477,[83],[2.7],[83],[],[],[]
392,False,20.7,0.349,[],[],[],[],[],[]
393,False,17.9,0.737,[],[],[],[],[],[]
394,False,18.7,0.925,[],[],[],[],[],[]
395,False,20.4,0.092,[],[],[],[],[],[]
396,False,19.5,0.778,[],[],[],[],[],[]
397,False,20.0,0.897,[],[],[],[],[],[]
398,False,20.7,0.579,[],[],[],[],[],[]
399,False,20.4,0.966,[],[],[47],[],[],[]
400,False,21.5,0.342,[48],[9.7],[],[],[],[]
402,False,19.0,0.518,[],[],[],[],[],[]
403,False,19.0,0.153,[8],[1.8],[],[],[],[]
404,False,21.3,0.236,[],[],[],[],[],[]
405,False,21.0,0.632,[],[],[],[],[],[]
406,False,19.2,0.861,[],[],[],[],[],[]
407,False,20.5,0.552,[],[],[],[],[],[]
408,False,20.1,0.5,[],[],[],[],[],[]
409,False,18.8,0.213,[],[],[],[],[],[]
410,False,21.6,0.503,[],[],[],[],[],[]
411,False,20.4,0.304,[],[],[],[],[],[]
412,False,20.4,0.276,[81],[14.0],[],[],[],[]
413,False,20.6,0.988,[],[],[],[],[],[]
414,False,20.0,0.084,[],[],[],[],[],[]
415,False,21.0,0.824,[],[],[],[],[],[]
416,False,19.4,0.424,[],[],[],[],[],[]
417,False,20.9,0.787,[],[],[],[],[],[]
418,False,19.6,0.868,[],[],[],[],[],[]
420,False,20.6,0.616,[],[],[],[],[],[]
421,False,18.5,0.896,[],[],[],[],[],[]
422,False,20.7,0.898,[],[],[],[],[],[]
423,False,20.4,0.71,[],[],[],[],[],[]
424,False,18.6,0.522,[],[],[],[],[],[]
425,False,20.3,0.224,"[69, 76]","[11.1, 2.8]","[69, 76]",[],[],[]
426,False,19.5,0.295,[],[],[],[],[],[]
427,False,20.3,0.886,[],[],[48],[],[],[]
428,False,20.6,0.878,[],[],[],[],[],[]
429,False,20.4,0.944,[],[],[],[],[],[]
430,False,20.2,0.924,[],[],[],[],[],[]
431,False,19.4,0.324,[],[],[],[],[],[]
432,False,20.0,0.313,[],[],[],[],[],[]
433,False,22.2,0.683,[],[],[],[],[],[]
434,False,20.8,0.645,[],[],"[45, 29]",[],[],[]
435,False,21.0,0.278,[],[],[],[],[],[]
436,False,19.5,0.261,[],[],[],[],[],[]
437,False,19.7,0.462,[],[],[],[],[],[]
438,False,19.1,0.163,[],[],[],[],[],[]
439,False,20.3,0.958,[],[],[],[],[],[]
440,False,19.3,0.517,[],[],[],[],[],[]
441,False,20.9,0.99,[],[],[],[],[],[]
442,False,21.3,0.013,[51],[1.8],[51],[],[],[]
443,False,20.8,0.226,[37],[16.7],[],[],[],[]
444,False,21.5,0.091,[13],[14.7],[13],[],[],[]
445,False,21.3,0.747,[],[],[],[],[],[]
446,False,20.1,0.54,[],[],[],[],[],[]
447,False,21.7,0.444,[],[],[],[],[],[]
448,False,20.0,0.754,[],[],[],[],[],[]
449,True,19.5,0.102,[16],[30.1],[],[],[],[]
450,False,20.1,0.522,[],[],[],[],[],[]
451,False,19.8,0.386,[],[],[],[],[],[]
452,False,19.1,0.114,[27],[5.9],[],[],[],[]
453,False,19.9,0.559,[],[],[],[],[],[]
454,False,19.7,0.681,[],[],[],[],[],[]
455,False,21.5,0.375,[52],[5.6],[],[],[],[]
456,False,18.7,0.074,[57],[10.8],[],[],[],[]
457,False,20.9,0.785,[],[],[],[],[],[]
458,False,20.7,0.642,[],[],[],[],[],[]
459,False,20.2,0.321,[],[],[],[],[],[]
460,False,20.5,0.293,[],[],[],[],[],[]
461,False,20.7,0.769,[],[],[],[],[],[]
463,False,20.5,0.288,[],[],[63],[],[],[]
464,True,19.9,0.054,[7],[24.7],[],[],[],[]
465,False,20.5,0.693,[],[],[],[],[],[]
466,False,20.3,0.928,[],[],[],[],[],[]
467,False,20.3,0.525,[],[],[],[],[],[]
468,False,19.5,0.629,[],[],[],[],[],[]
469,False,22.0,0.278,[],[],[],[],[],[]
470,False,20.9,0.704,[],[],[],[],[],[]
471,False,20.5,0.962,[],[],[],[],[],[]
472,False,20.6,0.224,[],[],[],[],[],[]
473,False,19.6,0.295,[],[],[],[],[],[]
474,False,20.1,0.188,[],[],[],[],[],[]
475,False,20.4,0.174,[],[],[],[],[],[]
476,False,20.9,0.515,[],[],[],[],[],[]
477,False,19.0,0.101,[],[],[],[],[],[]
478,False,21.3,0.891,[],[],[],[],[],[]
479,True,19.9,0.341,[84],[21.8],[],[],[],[]
480,False,20.8,0.917,[],[],[],[],[],[]
481,False,20.2,0.47,[],[],[],[],[],[]
482,False,20.5,0.556,[],[],[],[],[],[]
483,False,19.7,0.98,[],[],[],[],[],[]
485,False,19.8,0.517,[],[],[],[],[],[]
486,False,18.3,0.381,[],[],[],[],[],[]
487,False,19.9,0.401,[],[],[26],[],[],[]
488,False,20.8,0.579,[],[],[],[],[],[]
489,False,19.7,0.794,[],[],[],[],[],[]
490,False,20.8,0.939,[],[],[],[],[],[]
491,False,20.6,0.716,[],[],[],[],[],[]
492,False,19.8,0.402,[],[],[],[],[],[]
493,False,19.7,0.401,[],[],[],[],[],[]
494,False,19.1,0.924,[],[],[],[],[],[]
495,False,18.6,0.192,[],[],[],[],[],[]
496,False,19.8,0.105,"[39, 62]","[7.0, 11.3]","[39, 62]",[],[],[]
497,False,19.2,0.407,[],[],[],[],[],[]
498,False,21.2,0.148,[],[],[],[],[],[]
499,False,19.8,0.243,[],[],[],[],[],[]
500,False,17.6,0.59,[],[],[],[],[],[]
501,False,19.6,0.848,[],[],[],[],[],[]
502,True,19.8,0.052,[26],[30.3],[26],[],[],[]
503,False,18.9,0.108,[45],[4.6],[],[],[],[]
504,False,19.3,0.701,[],[],[],[],[],[]
505,False,20.7,0.724,[],[],[],[],[],[]
506,False,19.4,0.612,[],[],[],[],[],[]
507,False,19.8,0.842,[],[],[],[],[],[]
508,False,19.4,0.229,[],[],[],[],[],[]
509,False,20.9,0.8,[],[],[],[],[],[]
510,False,19.0,0.191,[],[],[],[],[],[]
511,False,18.6,0.222,[],[],[],[],[],[]
512,False,20.5,0.065,[29],[5.3],[],[],[],[]
513,False,21.2,0.802,[],[],[],[],[],[]
514,False,19.0,0.374,[],[],[],[],[],[]
515,True,18.7,0.16,[21],[24.4],[21],[],[],[]
516,False,20.2,0.802,[],[],[],[],[],[]
517,False,18.9,0.01,[3],[11.0],[],[],[],[]
518,False,20.6,0.435,[],[],[],[],[],[]
519,False,19.3,0.264,[],[],[],[],[],[]
520,False,20.0,0.458,[],[],[],[],[],[]
521,False,20.9,0.66,[],[],[],[],[],[]
522,False,20.4,0.869,[],[],[],[],[],[]
524,False,19.0,0.945,[],[],[],[],[],[]
525,False,20.1,0.519,[],[],[],[],[],[]
526,True,20.5,0.028,[35],[33.7],[],[],[],[]
527,False,19.8,0.322,[],[],[],[],[],[]
528,False,18.9,0.657,[],[],[],[],[],[]
529,False,20.6,0.633,[],[],[],[],[],[]
530,True,20.3,0.031,[43],[35.2],[],[],[],[]
531,False,21.1,0.144,[],[],[],[],[],[]
532,False,17.9,0.26,[],[],[],[],[],[]
533,False,20.9,0.266,[56],[2.7],[56],[],[],[]
534,False,19.7,0.873,[],[],[],[],[],[]
535,True,20.8,0.094,[86],[42.2],[],[],[],[]
536,False,19.1,0.424,[],[],[],[],[],[]
537,False,19.8,0.505,[],[],[],[],[],[]
538,False,19.7,0.533,[68],[6.8],[],[],[],[]
539,False,20.7,0.222,"[56, 11]","[5.5, 14.3]","[56, 25]",[],[],[]
540,False,20.2,0.586,[],[],[],[],[],[]
541,False,19.0,0.939,[],[],[],[],[],[]
542,False,19.6,0.889,[],[],[],[],[],[]
544,False,20.0,0.249,[],[],[],[],[],[]
545,False,20.3,0.398,[],[],[],[],[],[]
546,False,19.9,0.902,[],[],[],[],[],[]
547,False,20.2,0.395,[],[],[],[],[],[]
548,False,18.8,0.501,[38],[12.6],[],[],[],[]
549,False,20.9,0.667,[],[],[],[],[],[]
550,False,19.1,0.02,[],[],[],[],[],[]
551,False,19.7,0.495,[],[],[],[],[],[]
552,False,19.3,0.137,[],[],[],[],[],[]
553,False,19.0,0.567,[],[],[],[],[],[]
554,False,20.4,0.908,[],[],[],[],[],[]
555,False,20.6,0.74,[24],[11.8],[],[],[],[]
556,False,20.3,0.134,[19],[9.5],[19],[],[],[]
557,False,19.1,0.205,[],[],[],[],[],[]
558,True,20.8,0.018,[54],[33.6],[],[],[],[]
559,True,19.7,0.594,[9],[43.6],[],[],[],[]
560,False,20.2,0.237,[],[],"[45, 29, 37]",[],[],[]
561,True,19.5,0.233,[49],[22.3],[],[],[],[]
563,False,19.9,0.503,[],[],[],[],[],[]
564,False,19.2,0.864,[],[],[],[],[],[]
565,False,23.3,0.846,[],[],[],[],[],[]
566,True,18.4,0.114,[60],[19.6],[],[],[],[]
567,False,22.1,0.444,[59],[8.3],[],[],[],[]
568,False,21.8,0.46,[57],[21.1],[],[],[],[]
569,False,19.6,0.321,[],[],[],[],[],[]
570,True,19.3,0.633,[86],[33.6],[86],[],[],[]
571,False,19.3,0.004,[],[],[],[],[],[]
572,False,19.7,0.474,[],[],[],[],[],[]
573,False,20.0,0.607,[],[],[],[],[],[]
574,False,19.7,0.405,[],[],[],[],[],[]
575,False,19.4,0.502,[],[],[],[],[],[]
576,False,18.5,0.36,[13],[12.9],[],[],[],[]
577,False,19.1,0.694,[],[],[],[],[],[]
578,False,20.2,0.649,[],[],[],[],[],[]
579,False,19.6,0.141,[],[],[],[],[],[]
580,False,19.2,0.565,[0],[19.0],[],[],[],[]
581,False,19.8,0.84,[],[],[],[],[],[]
582,False,20.2,0.777,[],[],[],[],[],[]
583,False,18.0,0.036,[],[],[],[],[],[]
584,False,19.6,0.38,[],[],[],[],[],[]
585,False,21.5,0.837,[],[],[],[],[],[]
586,False,20.7,0.929,[],[],[],[],[],[]
587,False,20.8,0.955,[],[],[],[],[],[]
588,False,21.8,0.906,[],[],[],[],[],[]
589,False,19.7,0.479,[],[],[],[],[],[]
590,False,21.4,0.613,[],[],[],[],[],[]
591,False,20.2,0.345,[],[],[],[],[],[]
592,False,18.5,0.496,[],[],[],[],[],[]
593,False,18.5,0.011,[4],[13.2],[14],[],[],[]
594,False,22.6,0.936,[],[],[],[],[],[]
595,False,21.6,0.212,[61],[7.1],[],[],[],[]
596,False,18.4,0.452,[],[],[],[],[],[]
597,False,20.0,0.296,[],[],[],[],[],[]
598,False,19.8,0.944,[],[],[],[],[],[]
599,False,20.9,0.21,[51],[13.5],[],[],[],[]
600,True,19.0,0.217,[46],[23.7],[],[],[],[]
601,False,19.3,0.356,[44],[9.5],[],[],[],[]
602,False,20.8,0.974,[],[],[],[],[],[]
603,False,19.9,0.927,[],[],[],[],[],[]
604,False,19.7,0.651,[],[],[],[],[],[]
605,False,19.0,0.306,[7],[15.1],[],[],[],[]
606,False,18.7,0.43,[],[],[],[],[],[]
607,False,20.7,0.595,[],[],[],[],[],[]
608,False,20.5,0.753,[],[],[],[],[],[]
609,False,17.9,0.829,[],[],[],[],[],[]
610,False,20.7,0.871,[],[],[],[],[],[]
611,False,19.1,0.083,"[8, 46]","[16.5, 1.9]",[],[],[],[]
612,False,19.4,0.104,[],[],[],[],[],[]
613,False,18.1,0.306,[],[],[],[],[],[]
614,False,20.0,0.839,[],[],[],[],[],[]
615,False,19.9,0.225,[],[],[],[],[],[]
616,False,19.5,0.819,[],[],[],[],[],[]
618,False,19.7,0.757,[],[],[],[],[],[]
619,False,17.8,0.671,[79],[9.2],[],[],[],[]
620,False,19.5,0.282,[],[],[],[],[],[]
621,False,21.1,0.566,[],[],[],[],[],[]
622,False,18.5,0.697,[],[],[],[],[],[]
623,True,20.4,0.052,[15],[37.8],[],[],[],[]
624,False,19.6,0.181,[32],[14.8],[32],[],[],[]
625,False,20.2,0.57,[],[],[],[],[],[]
626,False,19.3,0.902,[],[],[],[],[],[]
627,True,18.4,0.366,"[63, 76]","[3.2, 26.7]",[],[],[],[]
628,False,20.0,0.362,[39],[9.5],[],[],[],[]
629,False,20.4,0.274,[83],[6.3],[],[],[],[]
630,False,20.2,0.936,[],[],[],[],[],[]
631,False,19.3,0.281,[],[],[],[],[],[]
632,False,19.7,0.121,[87],[3.1],[],[],[],[]
634,True,20.0,0.196,[4],[25.6],[],[],[],[]
635,False,19.5,0.391,[],[],[],[],[],[]
636,False,20.3,0.398,[],[],[],[],[],[]
637,False,20.0,0.851,[],[],[],[],[],[]
638,False,19.6,0.356,[],[],[],[],[],[]
639,False,19.8,0.203,[],[],[],[],[],[]
640,True,19.4,0.665,[25],[21.2],[25],[],[],[]
641,False,20.4,0.046,[64],[19.4],[],[],[],[]
642,False,19.0,0.451,[57],[16.1],[],[],[],[]
643,False,18.6,0.053,[],[],[14],[],[],[]
645,False,17.9,0.767,[],[],[],[],[],[]
646,False,18.5,0.342,[],[],[],[],[],[]
648,False,18.6,0.988,[],[],[],[],[],[]
649,True,19.9,0.434,[40],[20.9],[],[],[],[]
650,True,21.2,0.081,[61],[24.8],[],[],[],[]
651,False,20.7,0.592,[],[],[],[],[],[]
652,False,20.9,0.966,[],[],[],[],[],[]
653,False,18.2,0.853,[],[],[],[],[],[]
654,False,18.9,0.965,[],[],[],[],[],[]
655,False,21.4,0.381,[],[],[],[],[],[]
656,False,19.5,0.342,[74],[4.1],[74],[],[],[]
657,True,19.9,0.169,"[18, 42]","[13.7, 41.9]",[],[],[],[]
658,False,20.9,0.387,[],[],[],[],[],[]
659,False,20.1,0.88,[],[],[],[],[],[]
660,False,22.0,0.108,[],[],[],[],[],[]
661,False,20.6,0.369,[],[],[],[],[],[]
662,False,18.7,0.928,[],[],[],[],[],[]
663,False,20.8,0.704,[],[],[],[],[],[]
664,False,21.9,0.165,[29],[1.7],[],[],[],[]
665,False,19.6,0.067,[],[],[],[],[],[]
667,False,20.7,0.949,[],[],[],[],[],[]
668,False,20.1,0.936,[],[],[],[],[],[]
669,False,19.8,0.821,[],[],[],[],[],[]
670,False,19.4,0.726,[],[],[],[],[],[]
671,False,20.4,0.848,[],[],[],[],[],[]
672,False,21.7,0.94,[],[],[],[],[],[]
673,False,18.5,0.864,[],[],[],[],[],[]
674,False,20.2,0.572,[],[],[],[],[],[]
675,False,21.3,0.811,[],[],[],[],[],[]
676,True,19.0,0.135,[36],[19.4],[],[],[],[]
677,True,20.7,0.248,[52],[25.7],[],[],[],[]
678,False,19.3,0.109,[12],[3.8],[],[],[],[]
679,False,19.9,0.632,[],[],[],[],[],[]
680,False,20.3,0.696,[],[],[],[],[],[]
681,False,20.9,0.574,[69],[2.6],[],[],[],[]
682,False,18.8,0.611,[],[],[],[],[],[]
683,False,20.3,0.875,[],[],[],[],[],[]
684,False,19.3,0.987,[],[],[],[],[],[]
685,False,19.9,0.464,[],[],[],[],[],[]
686,False,20.1,0.673,[],[],[],[],[],[]
687,False,18.8,0.11,[],[],[],[],[],[]
688,False,20.2,0.985,[],[],[],[],[],[]
689,False,19.7,0.845,[],[],[],[],[],[]
690,False,20.6,0.545,[],[],[],[],[],[]
691,False,20.6,0.191,"[65, 87]","[14.3, 4.0]",[],[],[],[]
692,False,21.3,0.714,[],[],[],[],[],[]
693,False,20.2,0.672,[],[],[],[],[],[]
694,False,20.9,0.093,[],[],[],[],[],[]
695,False,18.3,0.159,[28],[14.9],[],[],[],[]
696,False,20.5,0.887,[],[],[],[],[],[]
697,False,21.1,1.0,[],[],[],[],[],[]
698,False,21.3,0.532,[],[],[],[],[],[]
699,False,20.9,0.212,[],[],[],[],[],[]
700,True,18.5,0.209,[66],[24.5],[],[],[],[]
701,False,20.9,0.246,[],[],[],[],[],[]
702,False,19.9,0.365,[],[],[],[],[],[]
703,False,18.5,0.173,[],[],[],[],[],[]
704,False,19.8,0.773,[],[],[],[],[],[]
705,False,20.5,0.719,[],[],[],[],[],[]
706,False,20.4,0.726,[],[],[],[],[],[]
707,False,19.3,0.149,[],[],[],[],[],[]
708,False,19.9,0.687,[],[],[],[],[],[]
709,False,20.4,0.188,[60],[16.2],[60],[],[],[]
710,False,22.6,0.826,[],[],[],[],[],[]
711,False,19.0,0.401,[],[],[],[],[],[]
712,False,20.1,0.255,[2],[5.6],[],[],[],[]
713,False,19.9,0.749,[],[],[],[],[],[]
714,False,19.6,0.601,[],[],[],[],[],[]
715,False,19.6,0.493,[],[],[],[],[],[]
716,False,21.2,0.821,[],[],[],[],[],[]
717,False,21.6,0.773,[],[],[],[],[],[]
718,False,19.5,0.674,[],[],[],[],[],[]
719,True,18.5,0.262,"[22, 56]","[17.1, 14.1]",[56],[],[],[]
720,False,21.5,0.737,[],[],[],[],[],[]
721,False,18.4,0.903,[],[],[],[],[],[]
722,False,19.8,0.609,[],[],[],[],[],[]
723,False,20.7,0.361,[],[],[],[],[],[]
724,False,19.6,0.607,[],[],[],[],[],[]
725,False,19.8,0.255,[],[],[],[],[],[]
726,False,17.8,0.904,[],[],[],[],[],[]
727,False,18.8,0.993,[],[],[],[],[],[]
728,False,19.8,0.753,[],[],[],[],[],[]
729,False,17.7,0.983,[],[],[],[],[],[]
730,True,20.3,0.693,[48],[20.8],[48],[],[],[]
731,True,18.4,0.036,[19],[22.9],[19],[],[],[]
732,False,20.9,0.917,[],[],[],[],[],[]
733,False,19.6,0.716,[],[],[],[],[],[]
734,False,21.4,0.436,[],[],[],[],[],[]
735,False,20.0,0.131,[],[],[],[],[],[]
736,True,18.8,0.233,[43],[21.6],[],[],[],[]
737,False,21.2,0.255,[],[],[],[],[],[]
738,False,18.7,0.398,[],[],[],[],[],[]
739,False,18.7,0.626,[81],[9.5],[9],[],[],[]
740,True,20.3,0.177,[34],[28.9],[34],[],[],[]
741,False,19.9,0.224,[87],[6.4],[],[],[],[]
742,False,19.7,0.328,[],[],[],[],[],[]
743,False,18.2,0.726,[],[],[],[],[],[]
744,False,18.9,0.732,[1],[3.1],[1],[],[],[]
745,False,20.6,0.969,[],[],[],[],[],[]
746,False,21.3,0.554,[],[],[],[],[],[]
747,True,20.9,0.069,[50],[31.9],[],[],[],[]
748,False,21.0,0.443,[],[],[],[],[],[]
749,False,19.5,0.429,[],[],[39],[],[],[]
750,False,19.7,0.094,[45],[1.9],[],[],[],[]
751,False,17.7,0.824,[],[],[],[],[],[]
752,False,20.0,0.481,[],[],[],[],[],[]
753,False,21.0,0.458,[],[],[],[],[],[]
754,False,20.8,0.94,[],[],[],[],[],[]
755,False,20.0,0.471,[],[],[],[],[],[]
756,False,19.3,0.882,[],[],[],[],[],[]
757,False,19.5,0.127,[],[],[],[],[],[]
758,True,20.6,0.485,[74],[49.2],[],[],[],[]
759,False,19.6,0.671,[],[],[],[],[],[]
760,False,18.5,0.663,[],[],[],[],[],[]
761,False,19.9,0.648,[],[],[],[],[],[]
762,False,20.7,0.984,[],[],[],[],[],[]
763,False,20.2,0.259,[71],[6.8],[],[],[],[]
764,False,18.4,0.491,[77],[11.2],[],[],[],[]
765,False,20.3,0.886,[],[],[],[],[],[]
766,True,19.5,0.646,[17],[20.2],[],[],[],[]
768,False,18.1,0.496,[],[],[],[],[],[]
769,False,18.5,0.636,[],[],[],[],[],[]
770,False,19.6,0.855,[],[],[],[],[],[]
771,False,19.9,0.312,[47],[18.6],[47],[],[],[]
772,False,18.7,0.006,"[28, 77]","[2.0, 5.6]",[],[],[],[]
773,False,18.0,0.643,[],[],[],[],[],[]
774,False,18.6,0.252,[51],[3.0],[],[],[],[]
775,False,20.6,0.386,[],[],[],[],[],[]
777,False,18.8,0.251,[26],[14.0],[],[],[],[]
778,False,20.4,0.252,[],[],[],[],[],[]
779,False,18.8,0.064,"[14, 36]","[9.8, 2.8]",[],[],[],[]
780,False,20.2,0.699,[],[],[],[],[],[]
781,False,19.4,0.081,[75],[13.0],[],[],[],[]
782,False,21.2,0.257,[],[],[],[],[],[]
783,False,19.0,0.869,[],[],[],[],[],[]
784,False,19.4,0.603,[],[],[19],[],[],[]
785,False,18.5,0.976,[],[],[],[],[],[]
786,False,19.5,0.483,[],[],[],[],[],[]
787,True,19.4,0.03,[10],[25.0],[],[],[],[]
788,False,21.0,0.551,[],[],[],[],[],[]
789,False,20.0,0.766,[],[],[],[],[],[]
790,True,20.2,0.149,[64],[29.7],[64],[],[],[]
791,False,18.1,0.397,[],[],[],[],[],[]
792,False,18.0,0.032,"[10, 58]","[1.7, 7.5]",[63],[],[],[]
793,False,20.4,0.706,[],[],[],[],[],[]
794,False,19.8,0.881,[],[],[],[],[],[]
795,False,19.9,0.671,[],[],[],[],[],[]
796,False,20.2,0.515,[],[],[],[],[],[]
797,False,19.0,0.651,[],[],[],[],[],[]
798,False,20.6,0.867,[],[],[],[],[],[]
799,False,21.1,0.991,[],[],[],[],[],[]
800,False,20.7,0.746,[],[],[],[],[],[]
801,False,19.6,0.103,[84],[3.4],[],[],[],[]
802,True,19.7,0.104,[72],[23.4],[72],[],[],[]
803,False,21.4,0.462,[],[],[],[],[],[]
804,False,20.0,0.782,[],[],[],[],[],[]
805,False,18.4,0.213,[],[],[],[],[],[]
806,False,21.7,0.028,[29],[5.1],[],[],[],[]
807,False,19.3,0.484,[],[],[],[],[],[]
808,False,21.4,0.471,[],[],[],[],[],[]
809,False,21.3,0.482,[44],[11.4],[],[],[],[]
810,False,21.8,0.688,[],[],[],[],[],[]
811,False,20.6,0.763,[],[],[],[],[],[]
812,False,20.9,0.278,[],[],[],[],[],[]
813,False,19.4,0.438,[],[],[],[],[],[]
814,False,21.8,0.064,"[29, 45]","[5.3, 6.1]","[29, 45]",[],[],[]
815,False,21.5,0.842,[],[],[],[],[],[]
816,False,20.8,0.745,[],[],[],[],[],[]
817,False,20.7,0.67,[],[],[],[],[],[]
818,False,19.4,0.867,[],[],[],[],[],[]
819,False,18.2,0.865,[],[],[],[],[],[]
820,False,20.0,0.706,[],[],[],[],[],[]
821,False,21.2,0.523,[],[],[],[],[],[]
822,False,19.3,0.946,[],[],[],[],[],[]
823,False,21.3,0.971,[],[],[],[],[],[]
824,False,20.6,0.495,[],[],[],[],[],[]
825,False,19.2,0.608,[],[],[],[],[],[]
826,False,20.4,0.861,[],[],[],[],[],[]
827,False,19.8,0.058,[],[],[],[],[],[]
828,False,19.5,0.558,[],[],[],[],[],[]
829,False,21.6,0.554,[],[],[],[],[],[]
830,False,20.7,0.056,[71],[3.5],[],[],[],[]
831,False,19.8,0.046,[3],[3.1],[3],[],[],[]
832,False,21.0,0.728,[23],[11.5],[],[],[],[]
833,False,19.2,0.82,[],[],[],[],[],[]
834,False,21.4,0.599,[],[],[],[],[],[]
835,False,19.8,0.626,[],[],[],[],[],[]
836,False,20.9,0.294,[],[],[],[],[],[]
837,False,18.6,0.553,[],[],[],[],[],[]
838,False,22.0,0.145,[],[],[],[],[],[]
839,False,20.3,0.153,[58],[7.0],[58],[],[],[]
840,False,19.1,0.245,[],[],[],[],[],[]
841,False,22.1,0.553,[],[],[],[],[],[]
842,False,20.4,0.285,[],[],[],[],[],[]
843,False,20.6,0.518,[],[],[],[],[],[]
844,False,22.0,0.368,[],[],[],[],[],[]
845,False,19.4,0.238,[],[],[],[],[],[]
846,False,18.1,0.414,[],[],[],[],[],[]
847,False,19.2,0.18,[],[],[],[],[],[]
848,False,20.4,0.057,[],[],[],[],[],[]
849,False,17.7,0.421,[],[],[],[],[],[]
850,False,20.3,0.053,[39],[13.5],[],[],[],[]
851,False,18.4,0.361,[],[],[],[],[],[]
852,False,20.5,0.231,[84],[3.8],[],[],[],[]
853,False,19.9,0.693,[],[],[],[],[],[]
854,False,19.9,0.515,[],[],[],[],[],[]
855,False,19.9,0.332,[],[],[],[],[],[]
856,False,20.2,0.259,[],[],[],[],[],[]
857,False,20.3,0.971,[],[],[],[],[],[]
858,True,20.4,0.15,[17],[25.7],[],[],[],[]
859,False,20.2,0.929,[],[],[],[],[],[]
860,False,19.7,0.076,[],[],[],[],[],[]
861,False,20.9,0.102,[],[],[],[],[],[]
862,False,20.0,0.425,[],[],[],[],[],[]
863,False,21.0,0.946,[],[],[],[],[],[]
864,False,20.2,0.038,[],[],[],[],[],[]
865,False,21.0,0.809,[],[],[],[],[],[]
866,False,18.6,0.576,[],[],[],[],[],[]
867,False,19.4,0.457,[],[],[],[],[],[]
868,False,20.7,0.357,[],[],[],[],[],[]
869,True,19.9,0.035,[50],[25.0],[],[],[],[]
870,False,21.9,0.728,[],[],[],[],[],[]
871,False,20.0,0.514,[],[],[],[],[],[]
872,False,20.6,0.642,[],[],[],[],[],[]
873,False,21.3,0.126,[],[],[],[],[],[]
874,False,19.9,0.307,[],[],[],[],[],[]
875,False,18.3,0.823,[],[],[],[],[],[]
876,False,20.2,0.05,[],[],[],[],[],[]
877,False,20.8,0.083,[70],[14.1],[],[],[],[]
878,False,22.3,0.316,[],[],[],[],[],[]
879,False,20.1,0.576,[],[],[],[],[],[]
880,False,19.0,0.738,[],[],[],[],[],[]
881,False,19.1,0.767,[],[],[],[],[],[]
882,False,20.3,0.722,[],[],[],[],[],[]
883,False,19.6,0.674,[],[],[],[],[],[]
884,False,19.0,0.391,[],[],[],[],[],[]
885,False,18.7,0.891,[],[],[63],[],[],[]
886,False,19.2,0.129,[],[],[],[],[],[]
887,False,18.6,0.698,[],[],[],[],[],[]
888,True,18.8,0.03,[35],[23.9],[],[],[],[]
889,False,20.6,0.81,[],[],[],[],[],[]
890,False,20.6,0.577,[],[],[],[],[],[]
891,False,19.8,0.099,[],[],[],[],[],[]
892,False,19.2,0.267,[],[],[],[],[],[]
893,False,20.4,0.744,[],[],[],[],[],[]
894,False,20.2,0.711,[],[],[],[],[],[]
895,False,18.8,0.73,[],[],[],[],[],[]
896,False,20.4,0.134,[],[],[],[],[],[]
897,False,20.8,0.642,[],[],[],[],[],[]
898,False,19.7,0.122,[],[],[],[],[],[]
899,False,19.9,0.191,[],[],[],[],[],[]
900,False,21.0,0.664,[],[],[],[],[],[]
901,False,19.9,0.547,[],[],[],[],[],[]
902,False,20.6,0.352,[],[],[],[],[],[]
903,False,19.9,0.431,[],[],[],[],[],[]
904,False,18.3,0.178,[],[],[],[],[],[]
905,False,20.6,0.469,[],[],[],[],[],[]
906,False,20.2,0.625,[],[],[],[],[],[]
907,False,20.6,0.157,[],[],[],[],[],[]
908,False,19.4,0.022,[],[],[],[],[],[]
909,False,18.6,0.508,[],[],[],[],[],[]
910,False,20.9,0.294,[],[],[],[],[],[]
911,False,19.5,0.599,[],[],[],[],[],[]
912,False,20.9,0.264,[],[],[],[],[],[]
913,False,19.0,0.696,[],[],[],[],[],[]
914,False,20.2,0.243,[],[],[],[],[],[]
915,False,19.1,0.062,[],[],[],[],[],[]
916,False,21.2,0.283,[],[],[],[],[],[]
917,False,20.1,0.123,[],[],[],[],[],[]
918,False,20.7,0.092,[],[],[],[],[],[]
919,False,21.0,0.044,[],[],[],[],[],[]
920,False,20.8,0.497,[],[],[],[],[],[]
921,False,19.8,0.039,[],[],[],[],[],[]
922,False,20.8,0.872,[],[],[],[],[],[]
923,False,19.4,0.351,[],[],[],[],[],[]
